{
	"class_name" : "PinholeCameraParameters",
	"extrinsic" : 
	[
		-0.99929437030621415,
		-0.0033252012414881674,
		-0.037412625021653156,
		0.0,
		0.0067333531951809036,
		-0.9957967352169339,
		-0.091342892914799759,
		0.0,
		-0.036951636351536171,
		-0.091530351075472402,
		0.99511646122599384,
		0.0,
		0.0073903272703072231,
		0.01830607021509445,
		4.6507189689476593,
		1.0
	],
	"intrinsic" : 
	{
		"height" : 1027,
		"intrinsic_matrix" : 
		[
			889.40808968661872,
			0.0,
			0.0,
			0.0,
			889.40808968661872,
			0.0,
			959.5,
			513.0,
			1.0
		],
		"width" : 1920
	},
	"version_major" : 1,
	"version_minor" : 0
}